road,accuracy,tp,total
1,1.0,14,14
2,0.8571428571428571,12,14
3,0.9285714285714286,13,14
